C,D,E,F,G,H,I,K,L,M,N,P,Q,R,S,T,V,W,Y,AA,AC,AG,AH,AK,AP,AR,AS,AT,AW,CF,CG,CK,CR,CS,CT,EE,EN,GE,GR,IA,IC,IP,KL,KS,RC,RD,VG,WP,WQ,YM,YP,FreeEnergyEntropy_Sum,FreeEnergyEntropy_Mean,FreeEnergy_Sum,FreeEnergy_Mean,WaterMoleculesNearby_Sum,WaterMoleculesNearby_Mean,MolecularWeight_Sum,MolecularWeight_Mean,Hydrophobicity_Sum,Hydrophobicity_Mean,IsoelectricPoint_Sum,IsoelectricPoint_Mean,ElectronicCharge_Sum,ElectronicCharge_Mean,DistanceCompatibility_Sum,DistanceCompatibility_Mean,HeatFormation_Sum,HeatFormation_Mean,HydrophobicityRelatedProperties_Sum,HydrophobicityRelatedProperties_Mean,BulkinessRelatedProperties_Sum,BulkinessRelatedProperties_Mean,ElectronRelatedProperties_Sum,ElectronRelatedProperties_Mean,IsotropicSurfaceArea_Sum,IsotropicSurfaceArea_Mean,TorsionalCompatibility_Sum,TorsionalCompatibility_Mean,PolarArea_Sum,PolarArea_Mean,ProbabilityHelix_Sum,ProbabilityHelix_Mean,ProbabilitySheet_Sum,ProbabilitySheet_Mean,ProbabilityTurn_Sum,ProbabilityTurn_Mean,Volume_Sum,Volume_Mean,EstimatedSASA_Sum,EstimatedSASA_Mean,NoPolarArea_Sum,NoPolarArea_Mean,class,model,model PROB
0.0,0.0,0.0,0.0,0.0,0.0,0.0,50.0,0.0,0.0,0.0,0.0,0.0,12.5,0.0,0.0,0.0,25.0,0.0,0,0.0,0.0,0,0,0.0,0.0,0,0,0,0,0.0,0,0.0,0,0,0,0,0.0,0.0,0.0,0.0,0,0,0.0,0.0,0.0,0,0,0,0,0,-108.065,-13.508,-4511.566,-563.946,85,10.625,1111,138.875,-20.1,-2.512,67.51,8.439,6.02,0.753,147.08,18.385,-3355.73,-419.466,4.81,0.601,13.73,1.716,-14.21,-1.776,885.32,110.665,578.83,72.354,572.496,71.562,9.15,1.1440000000000001,7.25,0.9059999999999999,7.0,0.875,1392.0,174.0,4509.8820000000005,563.735,1048.268,131.033,1,1,0.8520962453293106
17.647059,0.0,0.0,0.0,41.176471,0.0,0.0,0.0,0.0,0.0,0.0,0.0,0.0,35.294118,0.0,0.0,0.0,0.0,0.0,0,6.25,0.0,0,0,0.0,0.0,0,0,0,0,12.5,0,6.25,0,0,0,0,0.0,31.25,0.0,0.0,0,0,0.0,6.25,0.0,0,0,0,0,0,-165.727,-9.749,-5134.622,-302.03700000000003,150,8.824,1715,100.882,-20.5,-1.206,127.57,7.504,10.78,0.634,318.85,18.756,-7076.01,-416.236,35.09,2.064,-27.04,-1.591,-6.06,-0.35600000000000004,755.82,44.46,19.49,1.146,1089.7930000000001,64.105,14.3,0.841,15.5,0.912,19.94,1.173,1875.2,110.306,6702.769,394.281,1238.514,72.854,1,1,0.8340381883378433
17.647059,0.0,0.0,0.0,41.176471,0.0,0.0,0.0,0.0,0.0,0.0,0.0,0.0,35.294118,0.0,0.0,0.0,0.0,0.0,0,6.25,0.0,0,0,0.0,0.0,0,0,0,0,12.5,0,6.25,0,0,0,0,0.0,31.25,0.0,0.0,0,0,0.0,6.25,0.0,0,0,0,0,0,-178.012,-10.470999999999998,-5134.622,-302.03700000000003,150,8.824,1715,100.882,-20.5,-1.206,127.57,7.504,10.78,0.634,318.85,18.756,-7076.01,-416.236,35.09,2.064,-27.04,-1.591,-6.06,-0.35600000000000004,755.82,44.46,19.49,1.146,1089.7930000000001,64.105,14.3,0.841,15.5,0.912,19.94,1.173,1875.2,110.306,6702.769,394.281,1238.514,72.854,1,1,0.8367883876465521
17.647059,0.0,0.0,0.0,29.411765000000003,11.764706,0.0,0.0,0.0,0.0,0.0,0.0,0.0,29.411765000000003,0.0,0.0,0.0,5.882353,0.0,0,6.25,0.0,0,0,0.0,0.0,0,0,0,0,12.5,0,0.0,0,0,0,0,0.0,18.75,0.0,0.0,0,0,0.0,6.25,0.0,0,0,0,0,0,-171.49900000000002,-10.088,-5434.0830000000005,-319.652,150,8.824,1905,112.059,-22.5,-1.324,125.94,7.4079999999999995,11.25,0.662,310.97,18.292,-6954.41,-409.083,27.82,1.636,-11.71,-0.6890000000000001,-0.15,-0.009000000000000001,1016.9,59.818000000000005,376.24,22.131999999999998,1074.833,63.225,15.65,0.9209999999999999,15.97,0.9390000000000001,17.91,1.054,2115.8,124.459,7408.125,435.772,1480.3029999999999,87.07700000000001,1,1,0.8089976996777003
17.647059,8.823528999999999,0.0,0.0,20.588235,0.0,5.882353,8.823528999999999,2.941176,0.0,2.941176,5.882353,0.0,8.823528999999999,8.823528999999999,0.0,2.941176,0.0,2.941176,0,3.030303,0.0,0,0,0.0,0.0,0,0,0,0,3.030303,0,6.060606,0,0,0,0,0.0,0.0,0.0,3.030303,0,0,0.0,0.0,3.030303,0,0,0,0,0,-271.64599999999996,-7.99,-3598.1940000000004,-105.829,244,7.176,3455,101.618,-15.1,-0.444,213.09,6.267,15.79,0.46399999999999997,633.97,18.646,-15016.59,-441.664,37.53,1.104,-36.17,-1.064,17.0,0.5,2224.91,65.439,419.07,12.325999999999999,1640.969,48.263999999999996,30.83,0.907,30.77,0.905,39.03,1.148,3959.8,116.465,13237.393,389.335,3043.965,89.52799999999999,1,1,0.8094926241830579
17.647059,8.823528999999999,0.0,0.0,20.588235,0.0,5.882353,8.823528999999999,2.941176,0.0,2.941176,5.882353,0.0,8.823528999999999,8.823528999999999,0.0,2.941176,0.0,2.941176,0,3.030303,0.0,0,0,0.0,0.0,0,0,0,0,3.030303,0,6.060606,0,0,0,0,0.0,0.0,0.0,3.030303,0,0,0.0,0.0,3.030303,0,0,0,0,0,-271.64599999999996,-7.99,-3598.1940000000004,-105.829,244,7.176,3455,101.618,-15.1,-0.444,213.09,6.267,15.79,0.46399999999999997,633.97,18.646,-15016.59,-441.664,37.53,1.104,-36.17,-1.064,17.0,0.5,2224.91,65.439,419.07,12.325999999999999,1640.969,48.263999999999996,30.83,0.907,30.77,0.905,39.03,1.148,3959.8,116.465,13237.393,389.335,3043.965,89.52799999999999,1,1,0.8094926241830579
7.407407000000001,0.0,0.0,0.0,22.222222,0.0,3.703704,3.703704,0.0,0.0,0.0,11.111111,3.703704,14.814815,3.703704,25.925926,0.0,0.0,0.0,0,0.0,0.0,0,0,0.0,3.8461540000000003,0,0,0,0,3.8461540000000003,0,0.0,0,0,0,0,0.0,0.0,0.0,0.0,0,0,0.0,3.8461540000000003,0.0,0,0,0,0,0,-244.637,-9.061,-5397.922,-199.923,246,9.111,2697,99.889,-27.0,-1.0,180.2,6.6739999999999995,14.75,0.546,495.91,18.367,-11928.67,-441.80300000000005,32.61,1.208,-39.25,-1.454,-10.39,-0.385,1626.38,60.236000000000004,728.87,26.995,1405.859,52.068999999999996,22.47,0.8320000000000001,26.17,0.9690000000000001,32.48,1.203,3078.7,114.02600000000001,10424.065,386.07599999999996,2229.3779999999997,82.57,0,1,0.9467252452659749
23.076923,0.0,0.0,0.0,7.692308000000001,7.692308000000001,7.692308000000001,7.692308000000001,0.0,0.0,7.692308000000001,7.692308000000001,0.0,7.692308000000001,0.0,7.692308000000001,7.692308000000001,0.0,0.0,0,0.0,0.0,0,0,8.333333,0.0,0,0,0,0,0.0,0,0.0,0,0,0,0,0.0,8.333333,8.333333,0.0,0,0,0.0,8.333333,0.0,0,0,0,0,0,-63.066,-4.851,-695.605,-53.508,76,5.846,1382,106.30799999999999,0.2,0.015,85.03,6.541,5.58,0.429,240.05,18.465,-5616.71,-432.055,8.35,0.642,-8.3,-0.638,6.66,0.512,1031.84,79.372,355.46,27.343000000000004,589.547,45.35,12.71,0.978,12.43,0.956,12.55,0.965,1619.0,124.538,5290.72,406.978,1303.817,100.294,0,0,0.48909214137868406
0.0,9.375,9.375,3.125,9.375,0.0,6.25,0.0,15.625,0.0,9.375,0.0,0.0,6.25,3.125,6.25,0.0,0.0,3.125,0,0.0,3.225806,0,0,0.0,0.0,0,0,0,0,0.0,0,0.0,0,0,0,0,3.225806,0.0,0.0,0.0,0,0,0.0,0.0,3.225806,0,0,0,0,0,-296.822,-9.276,-794.7439999999999,-24.836,285,8.906,3373,105.406,-3.6,-0.11199999999999999,187.48,5.859,18.45,0.5770000000000001,594.4,18.575,-14630.53,-457.204,7.65,0.239,-22.79,-0.7120000000000001,-7.99,-0.25,2274.21,71.069,-1289.25,-40.289,1700.6029999999998,53.144,33.66,1.052,30.92,0.966,31.33,0.9790000000000001,4021.1,125.65899999999999,13225.214,413.288,2962.585,92.581,0,0,0.0015466897860346722
0.0,5.0,0.0,5.0,0.0,5.0,10.0,20.0,25.0,0.0,15.0,0.0,0.0,10.0,5.0,0.0,0.0,0.0,0.0,0,0.0,0.0,0,0,0.0,0.0,0,0,0,0,0.0,0,0.0,0,0,0,0,0.0,0.0,0.0,0.0,0,0,5.263158,0.0,5.263158,0,0,0,0,0,-218.16099999999997,-10.908,-2460.91,-123.045,199,9.95,2443,122.15,-11.8,-0.59,140.17,7.007999999999999,12.17,0.608,365.56,18.278,-8888.46,-444.423,0.04,0.002,9.06,0.45299999999999996,-19.39,-0.97,1956.99,97.84899999999999,-588.97,-29.448,1285.379,64.26899999999999,22.13,1.107,19.41,0.97,17.42,0.871,3073.6,153.68,9869.413,493.471,2311.433,115.572,0,0,0.0009722078060107976
0.0,0.0,0.0,0.0,14.285714000000002,14.285714000000002,7.142857000000001,7.142857000000001,0.0,7.142857000000001,7.142857000000001,0.0,0.0,7.142857000000001,14.285714000000002,7.142857000000001,14.285714000000002,0.0,0.0,0,0.0,0.0,0,0,0.0,0.0,0,0,0,0,0.0,0,0.0,0,0,0,0,0.0,0.0,0.0,0.0,0,0,7.692308000000001,0.0,0.0,0,0,0,0,0,-125.586,-8.97,-1429.076,-102.07700000000001,120,8.571,1503,107.35700000000001,-6.6,-0.47100000000000003,93.96,6.711,7.03,0.502,252.84,18.06,-6112.73,-436.624,10.75,0.768,-14.22,-1.016,-7.2,-0.514,1011.0,72.214,-369.06,-26.361,758.3610000000001,54.169,13.37,0.955,15.03,1.074,13.31,0.951,1786.4,127.6,5897.891,421.278,1356.408,96.88600000000001,0,0,0.055869955566179096
0.0,0.0,0.0,6.896552000000001,0.0,3.4482760000000003,10.344828,6.896552000000001,31.034483,3.4482760000000003,6.896552000000001,3.4482760000000003,0.0,0.0,0.0,6.896552000000001,6.896552000000001,0.0,3.4482760000000003,0,0.0,0.0,0,0,0.0,0.0,0,0,0,0,0.0,0,0.0,0,0,0,0,0.0,0.0,0.0,0.0,0,0,0.0,0.0,0.0,0,0,0,0,0,-102.01,-3.5180000000000002,7870.557,271.399,110,3.793,3275,112.931,46.7,1.61,180.32,6.218,7.69,0.265,527.21,18.18,-12782.61,-440.78,-54.77,-1.889,-15.75,-0.5429999999999999,-17.78,-0.613,3482.11,120.073,-1665.01,-57.413999999999994,1042.545,35.95,32.27,1.113,31.27,1.078,21.86,0.754,4346.0,149.862,13215.351999999999,455.702,3785.363,130.53,0,0,1.8170271124549502e-05
4.1666669999999995,4.1666669999999995,0.0,0.0,8.333333,0.0,4.1666669999999995,0.0,12.5,4.1666669999999995,0.0,4.1666669999999995,0.0,0.0,33.333333,8.333333,16.666667,0.0,0.0,0,0.0,0.0,0,0,0.0,0.0,0,0,0,0,4.347826,0,0.0,0,0,0,0,0.0,0.0,0.0,0.0,0,0,0.0,0.0,0.0,0,0,0,0,0,-162.487,-6.77,4365.194,181.88299999999998,158,6.582999999999999,2306,96.083,23.4,0.975,137.02,5.709,8.12,0.33799999999999997,442.17,18.424,-10979.04,-457.46,-5.15,-0.215,-42.06,-1.7519999999999998,1.54,0.064,1764.74,73.531,-514.24,-21.427,902.4989999999999,37.604,21.97,0.915,25.4,1.058,24.65,1.0270000000000001,2786.4,116.1,8899.802,370.825,2288.6020000000003,95.35799999999999,0,0,0.07679981552572028
